cluster,transaction_amount,hour,user_cbk_rate,user_txn_count,device_user_count,device_cbk_rate,bin_cbk_rate,txns_1h_user,has_cbk
0,629.5685543964232,15.468455042225534,0.005886736214605067,1.2548435171385992,1.0,0.003229011425732737,0.07907168777065365,0.030303030303030304,0.0029806259314456036
1,1140.3942372881354,14.245762711864407,0.840719873346992,18.203389830508474,1.0,0.846115833851683,0.48791701814993527,1.2033898305084745,0.8898305084745762
2,771.6141560102302,15.450127877237852,0.02506393861892583,1.2429667519181586,,,0.08632679778491413,0.03324808184143223,0.02557544757033248
3,1576.7244405594406,16.32867132867133,0.9102973949127795,3.9615384615384617,1.0,0.9112468864468865,0.3732410087698566,0.22727272727272727,0.9090909090909091
