cluster,transaction_amount,hour,user_cbk_rate,user_txn_count,device_user_count,device_cbk_rate,bin_cbk_rate,txns_1h_user
0,-0.15551298965689475,-0.004580359801487521,-0.3760894371462994,-0.22151577594401048,0.5919111429783492,-0.3419336916992964,-0.22938307770183605,-0.16122909313660305
1,0.4191219183818947,-0.20953529297483772,2.322679113846299,4.122532182417234,0.3599090503027007,2.2973577025830574,1.9438148488900768,2.909121615058249
2,0.004276081163899656,-0.007652467789765065,-0.3140952152559514,-0.2245598858490056,-1.6894427683321749,-0.3531940494784061,-0.1908188851609542,-0.1535209328580803
3,0.9099558263639727,0.13961419112944995,2.5476026568943744,0.47223178386007775,0.3047477135826169,2.424552654468517,1.3342599700721418,0.35430483707036986
